date,hd_rows,lc_rows,matched,bid_equal,ask_equal,max_abs_diff
2022-07-01,9476,9476,9476,9476,9476,0.0
2022-07-05,9256,9256,9256,9256,9256,0.0
2022-07-06,8986,8986,8986,8986,8986,0.0
2022-07-07,8844,8844,8844,8844,8844,0.0
2022-07-08,9000,9000,9000,9000,9000,0.0
2022-07-11,9064,9064,9064,9064,9064,0.0
2022-07-12,9208,9208,9208,9208,9208,0.0
2022-07-13,9268,9268,9268,9268,9268,0.0
2022-07-14,9170,9170,9170,9170,9170,0.0
2022-07-15,9414,9414,9414,9414,9414,0.0
2022-07-18,9004,9004,9004,9004,9004,0.0
2022-07-19,8938,8938,8938,8938,8938,0.0
2022-07-20,9062,9062,9062,9062,9062,0.0
2022-07-21,9138,9138,9138,9138,9138,0.0
2022-07-22,9254,9254,9254,9254,9254,0.0
2022-07-25,9146,9146,9146,9146,9146,0.0
2022-07-26,9084,9084,9084,9084,9084,0.0
2022-07-27,9210,9210,9210,9210,9210,0.0
2022-07-28,9108,9108,9108,9108,9108,0.0
2022-07-29,9320,9320,9320,9320,9320,0.0
2022-08-01,9236,9236,9236,9236,9236,0.0
2022-08-02,9064,9064,9064,9064,9064,0.0
2022-08-03,9156,9152,9152,9152,9152,0.0
2022-08-04,9136,9136,9136,9136,9136,0.0
2022-08-05,9332,9332,9332,9332,9332,0.0
2022-08-08,9110,9110,9110,9110,9110,0.0
2022-08-09,9008,9008,9008,9008,9008,0.0
2022-08-10,9082,9082,9082,9082,9082,0.0
2022-08-11,8944,8944,8944,8944,8944,0.0
2022-08-12,9208,9208,9208,9208,9172,0.0
2022-08-15,9020,9020,9020,9020,8984,0.0
2022-08-16,8900,8900,8900,8900,8864,0.0
2022-08-17,8926,8926,8926,8926,8890,0.0
2022-08-18,8688,8688,8688,8688,8652,0.0
2022-08-19,8912,8912,8912,8912,8912,0.0
2022-08-22,8550,8550,8550,8550,8550,0.0
2022-08-23,8392,8392,8392,8392,8392,0.0
2022-08-24,8556,8556,8556,8556,8556,0.0
2022-08-25,8392,8392,8392,8392,8392,0.0
2022-08-26,8754,8754,8754,8754,8754,0.0
2022-08-29,8562,8562,8562,8562,8562,0.0
2022-08-30,8612,8612,8612,8612,8612,0.0
2022-08-31,8662,8662,8662,8662,8662,0.0
2022-09-01,8592,8592,8592,8592,8592,0.0
2022-09-02,8784,8784,8784,8784,8784,0.0
2022-09-06,8500,8500,8500,8500,8500,0.0
2022-09-07,8400,8400,8400,8400,8400,0.0
2022-09-08,8248,8248,8248,8248,8248,0.0
2022-09-09,8628,8628,8628,8628,8628,0.0
2022-09-12,8544,8544,8544,8544,8544,0.0
2022-09-13,8366,8366,8366,8366,8366,0.0
2022-09-14,8430,8430,8430,8430,8430,0.0
2022-09-15,8202,8202,8202,8202,8202,0.0
2022-09-16,8594,8594,8594,8594,8594,0.0
2022-09-19,8134,8134,8134,8134,8134,0.0
2022-09-20,7994,7994,7994,7994,7994,0.0
2022-09-21,8160,8160,8160,8160,8160,0.0
2022-09-22,7988,7988,7988,7988,7988,0.0
2022-09-23,8408,8408,8408,8408,8408,0.0
2022-09-26,8458,8458,8458,8458,8458,0.0
2022-09-27,8332,8332,8332,8332,8332,0.0
2022-09-28,8508,8508,8508,8508,8508,0.0
2022-09-29,8478,8478,8478,8478,8478,0.0
2022-09-30,8674,8674,8674,8674,8674,0.0
2022-10-03,8390,8390,8390,8390,8390,0.0
2022-10-04,8274,8274,8274,8274,8274,0.0
2022-10-05,8828,8828,8828,8828,8828,0.0
2022-10-06,8972,8972,8972,8972,8972,0.0
2022-10-07,9166,9166,9166,9166,9166,0.0
2022-10-10,8914,8914,8914,8914,8914,0.0
2022-10-11,8716,8716,8716,8716,8716,0.0
2022-10-12,8792,8792,8792,8792,8792,0.0
2022-10-13,8616,8616,8616,8616,8616,0.0
2022-10-14,9124,9124,9124,9124,9124,0.0
2022-10-17,8876,8876,8876,8876,8876,0.0
2022-10-18,8910,8910,8910,8910,8910,0.0
2022-10-19,8952,8952,8952,8952,8952,0.0
2022-10-20,8690,8690,8690,8690,8690,0.0
2022-10-21,8800,8800,8800,8800,8800,0.0
2022-10-24,8424,8424,8424,8424,8424,0.0
2022-10-25,8208,8208,8208,8208,8208,0.0
2022-10-26,8208,8208,8208,8208,8208,0.0
2022-10-27,8150,8150,8150,8150,8150,0.0
2022-10-28,8340,8340,8340,8340,8340,0.0
2022-10-31,8180,8180,8180,8180,8180,0.0
2022-11-01,8434,8434,8434,8434,8434,0.0
2022-11-02,8542,8542,8542,8542,8542,0.0
2022-11-03,8684,8684,8684,8684,8684,0.0
2022-11-04,8814,8814,8814,8814,8814,0.0
2022-11-07,8678,8678,8678,8678,8678,0.0
2022-11-08,8578,8578,8578,8578,8578,0.0
2022-11-09,8688,8688,8688,8688,8688,0.0
2022-11-10,8442,8442,8442,8442,8442,0.0
2022-11-11,8730,8730,8730,8730,8730,0.0
2022-11-14,8904,8904,8904,8904,8904,0.0
2022-11-15,8876,8876,8876,8876,8876,0.0
2022-11-16,9098,9098,9098,9098,9098,0.0
2022-11-17,8852,8852,8852,8852,8852,0.0
2022-11-18,8772,8772,8772,8772,8772,0.0
2022-11-21,8410,8410,8410,8410,8410,0.0
2022-11-22,8486,8486,8486,8486,8486,0.0
2022-11-23,8390,8390,8390,8390,8390,0.0
2022-11-25,8216,8216,8216,8216,8216,0.0
2022-11-28,8326,8326,8326,8326,8326,0.0
2022-11-29,8088,8088,8088,8088,8088,0.0
2022-11-30,7910,7910,7910,7910,7910,0.0
2022-12-01,7956,7956,7956,7956,7956,0.0
2022-12-02,8180,8180,8180,8180,8180,0.0
2022-12-05,8288,8288,8288,8288,8288,0.0
2022-12-06,8134,8134,8134,8134,8134,0.0
2022-12-07,8194,8194,8194,8194,8194,0.0
2022-12-08,8042,8042,8042,8042,8042,0.0
2022-12-09,7864,7864,7864,7864,7864,0.0
2022-12-12,7950,7950,7950,7950,7950,0.0
2022-12-13,7882,7882,7882,7882,7882,0.0
2022-12-14,7872,7872,7872,7872,7872,0.0
2022-12-15,7662,7662,7662,7662,7662,0.0
2022-12-16,7992,7992,7992,7992,7992,0.0
2022-12-19,7522,7522,7522,7522,7522,0.0
2022-12-20,7414,7414,7414,7414,7414,0.0
2022-12-21,7388,7388,7388,7388,7388,0.0
2022-12-22,7232,7232,7232,7232,7232,0.0
2022-12-23,7250,7250,7250,7250,7250,0.0
2022-12-27,6938,6938,6938,6938,6938,0.0
2022-12-28,7046,7046,7046,7046,7046,0.0
2022-12-29,7178,7178,7178,7178,7178,0.0
2022-12-30,7486,7486,7486,7486,7486,0.0
