date,model,rmse_vol_points,max_abs_vol_points,share_inside_spread,butterfly_quoted,butterfly_extrapolated,calendar_quoted,calendar_extrapolated,replicated_vix,cboe_vix,published_vix,quotes,expiries,source
2022-07-01,SVI per slice,0.4962410417322042,4.018250924787598,0.1964668094218415,11,869,291,5551,26.722272554222855,26.32732354942472,26.7,5604,39,hd
2022-07-01,SVI + penalties,1.404646603194991,39.322479560546206,0.1556031406138472,48,83,845,2049,43.33905747338834,26.32732354942472,26.7,5604,39,hd
2022-07-01,SSVI,1.4384996135076786,13.510007919700072,0.0877944325481798,0,0,0,0,26.113753402137025,26.32732354942472,26.7,5604,39,hd
2022-07-01,eSSVI,1.275515900265419,15.093412945705287,0.124910778015703,0,0,0,0,26.144509080045715,26.32732354942472,26.7,5604,39,hd
2022-07-06,SVI per slice,0.4909616337088379,4.551856190308809,0.2085489745064213,0,2114,319,6084,27.047560005775683,26.771368503270367,26.73,5217,35,hd
2022-07-06,SVI + penalties,1.1655612410985858,29.37438204811936,0.1717462142994057,136,76,263,2459,62.39265731996612,26.771368503270367,26.73,5217,35,hd
2022-07-06,SSVI,1.2173090113482137,12.941236225223696,0.0914318573893041,0,0,0,0,26.636174427960995,26.771368503270367,26.73,5217,35,hd
2022-07-06,eSSVI,1.0738812042903854,15.424588158885175,0.1349434540923902,0,0,0,502,26.595094117525687,26.771368503270367,26.73,5217,35,hd
2022-07-07,SVI per slice,0.4318402470798251,4.01132910060095,0.2310778770745942,0,1932,170,6414,26.91275352661252,26.02588899107536,26.08,5483,38,hd
2022-07-07,SVI + penalties,1.1321005684439578,18.847115497717823,0.1798285610067481,204,60,691,2777,42.301370912803336,26.02588899107536,26.08,5483,38,hd
2022-07-07,SSVI,1.2787212111128068,14.079210229452066,0.0873609337953675,0,0,0,0,25.816569882627505,26.02588899107536,26.08,5483,38,hd
2022-07-07,eSSVI,1.1750137967534795,15.175973809283583,0.1019514864125478,0,0,0,462,25.84913687841965,26.02588899107536,26.08,5483,38,hd
2022-07-05,SVI per slice,0.5336873894027849,4.995583309080212,0.20359052711993889,0,1888,182,5989,29.05282192467955,,27.54,5236,36,hd
2022-07-05,SVI + penalties,1.8779541451873347,29.91232606083877,0.14209320091673033,290,109,1581,2331,330.69859137060536,,27.54,5236,36,hd
2022-07-05,SSVI,1.3338380596515957,12.480449272593619,0.09167303284950344,0,0,0,0,27.315686477894154,,27.54,5236,36,hd
2022-07-05,eSSVI,1.218340804229886,14.45627128751349,0.13330786860198626,0,0,0,0,27.36439092204016,,27.54,5236,36,hd
2022-07-08,SVI per slice,0.4246483883381891,4.324967615772065,0.2157336804909801,0,1243,179,6052,24.253760441225477,24.233320253504584,24.64,5377,36,hd
2022-07-08,SVI + penalties,1.6072232476582053,25.892769391831738,0.16049841919285848,170,23,1110,2480,277.2621274226961,24.233320253504584,24.64,5377,36,hd
2022-07-08,SSVI,1.1689669873893946,9.918835059643815,0.1125162730146922,0,0,0,0,24.08994218219426,24.233320253504584,24.64,5377,36,hd
2022-07-08,eSSVI,1.090790038170821,10.517626188666911,0.14617816626371583,0,0,0,0,24.135412079914335,24.233320253504584,24.64,5377,36,hd
2022-07-11,SVI per slice,0.5064566159912559,5.130223679764711,0.19150925752758557,0,3541,237,7227,,25.794877981200308,26.17,5347,37,hd
2022-07-11,SVI + penalties,5.907808694009661,121.44568949353398,0.04582008602954928,271,170,5281,3596,,25.794877981200308,26.17,5347,37,hd
2022-07-11,SSVI,1.2737745206221294,13.547014684770486,0.0923882550963157,0,0,0,0,25.6084076624917,25.794877981200308,26.17,5347,37,hd
2022-07-11,eSSVI,1.0973739902149229,14.35566127339818,0.15597531325977185,0,0,0,0,25.624679211258712,25.794877981200308,26.17,5347,37,hd
2022-07-18,SVI per slice,0.5795691242743363,5.879649327685499,0.18194362310270057,0,2886,277,7443,31.136344874559814,25.323574570621403,25.3,5073,36,hd
2022-07-18,SVI + penalties,4.679514774592313,106.65751654571247,0.03942440370589395,0,161,3872,3696,394.75455113472486,25.323574570621403,25.3,5073,36,hd
2022-07-18,SSVI,1.3594290028456568,14.361593728357747,0.07254090281884487,0,0,0,0,25.213722701727743,25.323574570621403,25.3,5073,36,hd
2022-07-18,eSSVI,1.2281274680970369,14.738674239844574,0.13956238911886457,0,0,0,315,25.030179592589125,25.323574570621403,25.3,5073,36,hd
2022-07-25,SVI per slice,0.4314516190361979,3.279109268714364,0.2361111111111111,0,2615,232,7611,22.987319867830283,22.923588304810945,23.36,5256,37,hd
2022-07-25,SVI + penalties,1.2309076940103223,38.15011370512281,0.1948249619482496,0,169,155,2497,23.15302929592653,22.923588304810945,23.36,5256,37,hd
2022-07-25,SSVI,1.3528157483008638,16.215360304328218,0.14098173515981735,0,0,0,0,22.707594128474767,22.923588304810945,23.36,5256,37,hd
2022-07-25,eSSVI,1.2284029297630081,16.738563302275743,0.16095890410958905,0,0,0,0,22.794886413016332,22.923588304810945,23.36,5256,37,hd
2022-08-01,SVI per slice,0.27738299950057016,2.4648122360662077,0.2666171555885629,0,664,71,5714,25.448075878402175,22.53851381710042,22.84,5386,36,hd
2022-08-01,SVI + penalties,1.127956721652655,26.625352684101244,0.21611585592276272,0,87,443,3076,38.85082686662797,22.53851381710042,22.84,5386,36,hd
2022-08-01,SSVI,1.3485870687384256,13.832516526524085,0.11659858893427405,0,0,0,0,22.491855859867314,22.53851381710042,22.84,5386,36,hd
2022-08-01,eSSVI,1.1985396775166328,13.452741590384875,0.15447456368362422,0,0,0,0,22.224983909896185,22.53851381710042,22.84,5386,36,hd
2022-08-08,SVI per slice,0.2770530050334231,3.0657325929600243,0.28157653528872595,13,757,99,6872,25.254763872851164,20.855077316110044,21.29,5455,37,hd
2022-08-08,SVI + penalties,1.0375272418696806,29.95836536881184,0.22621448212648945,36,1159,453,2419,21.702525359592492,20.855077316110044,21.29,5455,37,hd
2022-08-08,SSVI,1.5688444610173418,14.989223045501776,0.10705774518790101,0,0,0,0,20.71499322927109,20.855077316110044,21.29,5455,37,hd
2022-08-08,eSSVI,1.34477243254737,13.406533894064237,0.1464711274060495,0,0,65,496,20.76052321442762,20.855077316110044,21.29,5455,37,hd
2022-08-15,SVI per slice,0.16309752481547177,1.5245436507813959,0.40746965452847805,0,418,0,5121,19.60473984606073,19.685356339561427,19.95,5355,37,hd
2022-08-15,SVI + penalties,0.8982703125644637,32.991912904548016,0.35985060690943044,0,84,166,1923,19.628861610131846,19.685356339561427,19.95,5355,37,hd
2022-08-15,SSVI,1.6816015263447024,17.73195024115357,0.08179271708683473,0,0,0,0,19.63501999872463,19.685356339561427,19.95,5355,37,hd
2022-08-15,eSSVI,1.5084416622270178,17.234905225681587,0.1223155929038282,0,0,155,1576,19.367595133342693,19.685356339561427,19.95,5355,37,hd
2022-08-22,SVI per slice,0.26549069727450547,2.254981141838466,0.24733727810650888,0,1352,11,5723,23.53539480285848,,23.8,5070,34,hd
2022-08-22,SVI + penalties,0.6619526991092333,23.030269068935468,0.20986193293885602,0,233,107,1560,35.33860789572641,,23.8,5070,34,hd
2022-08-22,SSVI,1.439756499680047,11.217483827728092,0.06193293885601578,0,0,0,0,23.59422651773276,,23.8,5070,34,hd
2022-08-22,eSSVI,1.2659724762623925,12.019994069544293,0.10078895463510848,0,0,0,0,23.629986359947292,,23.8,5070,34,hd
2022-08-29,SVI per slice,0.28737403665074074,2.107700316471914,0.20936902485659656,0,131,50,6201,26.132045364680145,25.88326919234169,26.21,5230,35,hd
2022-08-29,SVI + penalties,4.427757847366894,107.98042960857957,0.05353728489483748,0,23,3089,5852,364.98188016784644,25.88326919234169,26.21,5230,35,hd
2022-08-29,SSVI,1.1791180629623084,10.110369253547457,0.07170172084130019,0,0,0,0,25.992903033589915,25.88326919234169,26.21,5230,35,hd
2022-08-29,eSSVI,1.0331473101218893,11.386777361850264,0.10803059273422562,0,0,0,0,25.85178594147088,25.88326919234169,26.21,5230,35,hd
2022-09-06,SVI per slice,0.36391823304821824,4.390215919021879,0.1994459833795014,0,304,298,6419,28.22169001390838,26.692066848624048,26.91,5415,37,hd
2022-09-06,SVI + penalties,0.8913188478959188,17.087536668879178,0.1732225300092336,54,17,286,2204,34.368485968399106,26.692066848624048,26.91,5415,37,hd
2022-09-06,SSVI,1.4287892364441073,14.237947922380878,0.08642659279778393,0,0,0,0,26.587435034828484,26.692066848624048,26.91,5415,37,hd
2022-09-06,eSSVI,1.2199480596401648,13.925372330163977,0.15937211449676825,0,0,161,439,26.567234998731337,26.692066848624048,26.91,5415,37,hd
2022-09-12,SVI per slice,0.19520226589709128,1.394892324040653,0.37097085504728816,0,197,3,3540,23.614709183036283,23.5981838838048,23.87,5181,34,hd
2022-09-12,SVI + penalties,0.4325685381490611,11.057214095242292,0.3516695618606447,8,62,289,842,23.653104463404578,23.5981838838048,23.87,5181,34,hd
2022-09-12,SSVI,1.4976137449524263,13.234394359438484,0.08106543138390272,0,0,0,0,23.070256028107192,23.5981838838048,23.87,5181,34,hd
2022-09-12,eSSVI,1.2734466503105497,13.078587974081223,0.08029337965643699,0,0,150,1357,23.289667264164127,23.5981838838048,23.87,5181,34,hd
2022-09-26,SVI per slice,0.4633789856862059,10.870378304649043,0.23016440314510364,0,903,424,5641,32.32179128967672,,32.26,5596,37,hd
2022-09-26,SVI + penalties,4.1241511410014065,105.20497870323766,0.06915654038598999,0,5,389,2623,,,32.26,5596,37,hd
2022-09-26,SSVI,1.3297485207903623,12.275249023209355,0.13348820586132953,0,0,0,0,31.670509876165838,,32.26,5596,37,hd
2022-09-26,eSSVI,1.135315497688241,17.94621363369393,0.1937097927090779,0,0,0,0,31.686070940707538,,32.26,5596,37,hd
2022-10-03,SVI per slice,0.39792228520837414,6.198428337777923,0.24165128377244505,0,4,435,6912,30.177059563924825,29.816826636598805,30.1,5959,41,hd
2022-10-03,SVI + penalties,0.5321366025616888,8.790277096216526,0.2554119818761537,0,12,0,1983,31.24979367702795,29.816826636598805,30.1,5959,41,hd
2022-10-03,SSVI,1.5224371278641695,13.102150073122509,0.11058902500419533,0,0,0,0,29.507871238704496,29.816826636598805,30.1,5959,41,hd
2022-10-03,eSSVI,1.3092264123883568,18.080384976314356,0.1310622587682497,0,0,118,641,29.519331762645272,29.816826636598805,30.1,5959,41,hd
2022-10-10,SVI per slice,0.41210483254438945,5.265970698502337,0.24514480408858602,0,591,417,4158,33.282005369171834,,32.45,5870,41,hd
2022-10-10,SVI + penalties,0.4554093328370216,7.549309236065782,0.2608177172061329,0,29,1,1031,34.100353161579484,,32.45,5870,41,hd
2022-10-10,SSVI,1.7861392566476435,16.904884173219635,0.0776831345826235,0,0,0,0,31.75685614404179,,32.45,5870,41,hd
2022-10-10,eSSVI,1.5097309634396543,20.041955309183614,0.11567291311754685,0,0,0,0,31.9838813584364,,32.45,5870,41,hd
2022-10-17,SVI per slice,0.48230999306725275,8.881355510829625,0.2695490626583347,0,0,304,4507,31.452087633346586,,31.37,5921,42,hd
2022-10-17,SVI + penalties,0.6142981140855275,10.834872488624292,0.2585711872994427,0,0,67,1524,40.532840215127216,,31.37,5921,42,hd
2022-10-17,SSVI,1.871008166768742,18.48078989146533,0.09947643979057591,0,0,0,0,30.984945582251555,,31.37,5921,42,hd
2022-10-17,eSSVI,1.6269364633892367,19.99298892218716,0.11264989022124641,0,0,144,380,31.00589721848106,,31.37,5921,42,hd
2022-10-24,SVI per slice,0.26827100951065336,3.065815463032917,0.29625044216483903,0,0,70,3060,30.25256639695661,30.2467057783602,29.85,5654,42,hd
2022-10-24,SVI + penalties,0.2699314464253304,3.065815635478941,0.2849310222851079,0,0,0,400,30.3825080530249,30.2467057783602,29.85,5654,42,hd
2022-10-24,SSVI,1.8341850260184618,16.11275979895734,0.08188892819243014,0,0,0,0,29.811731189707046,30.2467057783602,29.85,5654,42,hd
2022-10-24,eSSVI,1.5551515211197706,18.273685599440746,0.08595684471170853,0,0,239,413,29.942670741510053,30.2467057783602,29.85,5654,42,hd
2022-10-31,SVI per slice,0.35584975681820163,4.086472773000461,0.22157071783937454,16,221,87,4099,25.81101448440083,,25.88,5628,39,hd
2022-10-31,SVI + penalties,0.3889954319248717,5.447442411293945,0.21090973702914,0,27,0,1198,25.824782296990062,,25.88,5628,39,hd
2022-10-31,SSVI,1.6849265701543072,13.078583458084603,0.057746979388770436,0,0,0,0,25.504219877527962,,25.88,5628,39,hd
2022-10-31,eSSVI,1.3462700000595023,13.176729394250724,0.10945273631840796,0,0,122,472,24.99490107231568,,25.88,5628,39,hd
2022-11-07,SVI per slice,0.37860463334314354,4.820708815770022,0.2529182879377432,10,390,230,4885,24.19053454327008,,24.35,5654,41,hd
2022-11-07,SVI + penalties,0.4057239821617092,5.038356823803703,0.22550406791651928,0,43,61,1579,24.452170605632283,,24.35,5654,41,hd
2022-11-07,SSVI,1.7522073090554176,12.966445237344287,0.0919702865228157,0,0,0,0,23.681503047631374,,24.35,5654,41,hd
2022-11-07,eSSVI,1.4688347947518392,15.609521118609642,0.10629642730810046,0,0,262,1514,23.98491098325068,,24.35,5654,41,hd
2022-11-14,SVI per slice,0.2185059060933616,2.158871962753434,0.37232348256945674,0,62,143,7522,24.439910940670302,,23.73,5651,42,hd
2022-11-14,SVI + penalties,0.2659565080804389,3.232833350692102,0.3448947089010794,0,274,0,1938,24.318371654196536,,23.73,5651,42,hd
2022-11-14,SSVI,1.2961211482692414,10.775739427862852,0.09449654928331269,0,0,0,0,23.963656079894275,,23.73,5651,42,hd
2022-11-14,eSSVI,1.0447198718556383,10.330340511269121,0.112192532295169,0,0,225,603,24.13642718909033,,23.73,5651,42,hd
2022-11-21,SVI per slice,0.30825159227118487,2.8154274425647747,0.23640960809102401,0,196,446,9245,22.28809268068398,22.208565198906218,22.36,5537,42,hd
2022-11-21,SVI + penalties,0.44546913333168675,8.01230166806218,0.2143760158930829,0,39,161,2424,23.448217218634305,22.208565198906218,22.36,5537,42,hd
2022-11-21,SSVI,1.4552975301998945,11.337659157056002,0.06284991872855338,0,0,0,0,22.07723511612841,22.208565198906218,22.36,5537,42,hd
2022-11-21,eSSVI,1.212765750346817,10.446928330436394,0.08939859129492506,0,0,97,495,22.176744800047963,22.208565198906218,22.36,5537,42,hd
2022-11-28,SVI per slice,0.41144214266976076,3.2029380769097475,0.1814209726443769,0,1234,475,8304,80.02393349344115,,22.21,5264,41,hd
2022-11-28,SVI + penalties,1.1781822548590586,39.9101537073005,0.16185410334346503,0,39,234,4252,38.18911745231676,,22.21,5264,41,hd
2022-11-28,SSVI,1.4266160005685904,10.805696098352636,0.07731762917933131,0,0,0,0,21.82641807830685,,22.21,5264,41,hd
2022-11-28,eSSVI,1.258898612005056,11.087454282916243,0.08548632218844984,0,0,108,70,21.846632329528326,,22.21,5264,41,hd
2022-12-12,SVI per slice,0.4650110544620093,3.409692773490211,0.18860047195498275,57,443,1367,8628,23.648345136264943,,25.0,5509,42,hd
2022-12-12,SVI + penalties,1.1085455772596995,40.43896078336985,0.14285714285714285,18,10,482,3706,24.22382838961827,,25.0,5509,42,hd
2022-12-12,SSVI,1.946899688003496,16.41932828739956,0.06679978217462335,0,0,0,0,23.399470788550303,,25.0,5509,42,hd
2022-12-12,eSSVI,1.6225277571590904,19.932886796304107,0.08785623525140679,0,0,922,933,23.362052224056363,,25.0,5509,42,hd
2022-12-19,SVI per slice,0.4213523433901791,3.030196047064626,0.1960931630353118,0,1231,430,7630,22.26089071026284,,22.42,5324,40,hd
2022-12-19,SVI + penalties,1.1816578083238296,39.37243076116299,0.1658527422990233,0,618,413,3280,22.586583424754533,,22.42,5324,40,hd
2022-12-19,SSVI,1.7028411327569677,12.237920223765459,0.05146506386175808,0,0,0,0,22.283369980945327,,22.42,5324,40,hd
2022-12-19,eSSVI,1.3478613617749928,11.848085105781342,0.09241172051089407,0,0,17,0,22.26064025379911,,22.42,5324,40,hd
2022-12-27,SVI per slice,0.5277728137218622,5.243373838628296,0.1403602639557696,0,538,815,10296,23.001566614981098,,21.65,5607,43,hd
2022-12-27,SVI + penalties,6.730562667931797,117.0901556106994,0.05796326021045122,228,352,7113,7825,329.2084154061092,,21.65,5607,43,hd
2022-12-27,SSVI,1.5119672242360218,11.56072539555663,0.051364365971107544,0,0,0,0,21.531866586919605,,21.65,5607,43,hd
2022-12-27,eSSVI,1.2266081144597087,11.829774749850225,0.07508471553415373,0,0,132,2,21.502824521970325,,21.65,5607,43,hd
2022-07-12,SVI per slice,0.5110115239384281,4.88968309866768,0.20883977900552486,0,2868,266,6657,27.996042950841403,27.055618733543092,27.29,5430,38,hd
2022-07-12,SVI + penalties,0.8764358566921139,13.455416556091606,0.17292817679558012,87,56,881,3104,33.703306305139904,27.055618733543092,27.29,5430,38,hd
2022-07-12,SSVI,1.2875216153364217,13.38716128788031,0.09392265193370165,0,0,0,0,26.948755746066066,27.055618733543092,27.29,5430,38,hd
2022-07-12,eSSVI,1.1498067444910993,14.123014491025021,0.1443830570902394,0,0,0,0,26.977508009846744,27.055618733543092,27.29,5430,38,hd
2022-07-13,SVI per slice,0.5496408260780677,5.096045800677032,0.20448282197317655,0,2589,310,6443,30.58951804037434,,26.82,5443,37,hd
2022-07-13,SVI + penalties,6.026679005645315,146.49028854552083,0.056218996876722396,246,111,4724,3750,,,26.82,5443,37,hd
2022-07-13,SSVI,1.3639779408630406,12.967777220285083,0.08322616204299099,0,0,0,0,26.57254158481598,,26.82,5443,37,hd
2022-07-13,eSSVI,1.2458585151937458,15.04363346494717,0.15248943597280912,0,0,0,0,26.55098531720985,,26.82,5443,37,hd
2022-07-14,SVI per slice,0.5908935179504642,5.731633595097851,0.19915335770636905,0,2834,455,6367,35.255431171144814,26.252320343310092,26.4,5197,36,hd
2022-07-14,SVI + penalties,0.7093231955383196,9.751107752901667,0.15643640561862612,60,106,270,2512,57.36193308130512,26.252320343310092,26.4,5197,36,hd
2022-07-14,SSVI,1.5278128374618865,15.852026120418572,0.08062343659803733,0,0,0,0,26.012874571085682,26.252320343310092,26.4,5197,36,hd
2022-07-14,eSSVI,1.4362817214163586,17.4896828138446,0.15739849913411583,0,0,0,0,25.90349875891615,26.252320343310092,26.4,5197,36,hd
2022-07-15,SVI per slice,0.5328654523283587,4.713485161585224,0.19089686959861724,0,3071,416,6622,41.16727626807068,,24.23,5207,36,hd
2022-07-15,SVI + penalties,2.6659048481360728,54.590418103672,0.11350105627040523,0,298,1317,4578,344.30793150766704,,24.23,5207,36,hd
2022-07-15,SSVI,1.4221840612114982,18.541587636291666,0.08027655079700403,0,0,0,0,23.609758276008847,,24.23,5207,36,hd
2022-07-15,eSSVI,1.3478155494041382,19.74767360903299,0.1415402342999808,0,0,0,0,23.651110395987292,,24.23,5207,36,hd
2022-07-19,SVI per slice,0.5417866653179426,5.503936810703086,0.21451954554207586,0,2837,292,7261,52.23645439069243,24.601581331462004,24.5,5193,36,hd
2022-07-19,SVI + penalties,6.304840450041661,144.43486900828808,0.06393221644521471,83,1011,4436,3439,382.9278394778175,24.601581331462004,24.5,5193,36,hd
2022-07-19,SSVI,1.2312745101543061,12.534403068447231,0.1228576930483343,0,0,0,0,24.416223531252403,24.601581331462004,24.5,5193,36,hd
2022-07-19,eSSVI,1.128598650837139,14.399876393922572,0.1792797997304063,0,0,0,405,24.316920625136444,24.601581331462004,24.5,5193,36,hd
